variant,variant_label,label,fit_max,rho,delta,direction_cosine,direction_abs_cosine,self_projection_corr_fit,self_projection_corr_all,baseline_transfer_corr_fit,baseline_transfer_corr_all
a_comma,a + comma,resid_post.layer16,24,0.7915937304496765,2.9650614261627197,1.0,1.0,1.0,0.8666976094245911,1.0,0.8666976690292358
a_comma,a + comma,resid_post.layer31,24,0.781327486038208,1.9972898960113525,1.0,1.0,1.0,0.7127813696861267,1.0,0.7127813100814819
a_comma,a + comma,resid_post.layer40,24,0.882434606552124,0.9309117794036865,1.0,1.0,1.0,0.5904233455657959,1.0,0.5904233455657959
a_comma,a + comma,resid_post.layer53,24,0.8734171986579895,0.6502768993377686,1.0000001192092896,1.0000001192092896,1.0,0.41389599442481995,1.0000001192092896,0.41389599442481995
a_pipe,a + pipe,resid_post.layer16,16,0.7678414583206177,2.5200417041778564,0.6134743094444275,0.6134743094444275,1.0,0.8026020526885986,0.9043874144554138,0.8551687002182007
a_pipe,a + pipe,resid_post.layer31,16,0.6790539026260376,2.2607309818267822,0.6606141924858093,0.6606141924858093,1.0,0.6193954348564148,0.9924630522727966,0.6784858107566833
a_pipe,a + pipe,resid_post.layer40,16,0.8339870572090149,0.8124491572380066,0.6478840112686157,0.6478840112686157,1.0,0.44715023040771484,0.9880369901657104,0.5558816194534302
a_pipe,a + pipe,resid_post.layer53,16,0.7373136878013611,0.7545354962348938,0.6279140710830688,0.6279140710830688,1.0,0.2536085247993469,0.9863865971565247,0.36414894461631775
a_section,a + section,resid_post.layer16,18,0.79701167345047,2.4247336387634277,0.6044585704803467,0.6044585704803467,1.0,0.8188202977180481,0.9115059971809387,0.8535653352737427
a_section,a + section,resid_post.layer31,18,0.7147606611251831,1.9219324588775635,0.6212799549102783,0.6212799549102783,1.0,0.5813094973564148,0.9695669412612915,0.6076363325119019
a_section,a + section,resid_post.layer40,18,0.7042261362075806,1.4002866744995117,0.6492810249328613,0.6492810249328613,0.9999999403953552,0.360506147146225,0.9648444652557373,0.41571560502052307
a_section,a + section,resid_post.layer53,18,0.65017169713974,0.9693959951400757,0.56865394115448,0.56865394115448,0.9999999403953552,0.20235778391361237,0.937294602394104,0.24813677370548248
a_space,a + space,resid_post.layer16,11,0.6409329771995544,3.3897204399108887,0.3143916130065918,0.3143916130065918,1.0,0.7477415800094604,0.7986308932304382,0.7818040251731873
a_space,a + space,resid_post.layer31,11,0.6570769548416138,2.378890037536621,0.20519095659255981,0.20519095659255981,0.9999999403953552,0.7259066104888916,0.8354948163032532,0.566599428653717
a_space,a + space,resid_post.layer40,11,0.8556787371635437,1.0475585460662842,0.14076173305511475,0.14076173305511475,1.0,0.7511075139045715,0.4159364700317383,0.24591444432735443
a_space,a + space,resid_post.layer53,11,0.39501017332077026,1.7274997234344482,0.10378935933113098,0.10378935933113098,1.0,0.44994357228279114,0.27342844009399414,0.08700887113809586
aa_comma,aa + comma,resid_post.layer16,24,0.8230023980140686,2.682276964187622,0.9358458518981934,0.9358458518981934,1.0,0.879575788974762,0.9779323935508728,0.8563022613525391
aa_comma,aa + comma,resid_post.layer31,24,0.7850778698921204,1.9835727214813232,0.8799351453781128,0.8799351453781128,1.0,0.720789909362793,0.9375267028808594,0.6215718984603882
aa_comma,aa + comma,resid_post.layer40,24,0.86037677526474,1.0148483514785767,0.7295136451721191,0.7295136451721191,1.0,0.6016408205032349,0.80450838804245,0.45230531692504883
aa_comma,aa + comma,resid_post.layer53,24,0.8776329159736633,0.6851998567581177,0.5394875407218933,0.5394875407218933,1.0,0.5019508600234985,0.9471030235290527,0.3924442231655121
alpha_comma,alpha + comma,resid_post.layer16,24,0.8379135727882385,2.4061717987060547,0.9254730939865112,0.9254730939865112,1.0,0.8736441135406494,0.9628176093101501,0.8363065719604492
alpha_comma,alpha + comma,resid_post.layer31,24,0.8072569966316223,1.905403971672058,0.9430467486381531,0.9430467486381531,1.0,0.7487816214561462,0.9869195222854614,0.7044781446456909
alpha_comma,alpha + comma,resid_post.layer40,24,0.8727537989616394,0.9593257904052734,0.9247558116912842,0.9247558116912842,1.0,0.6022657155990601,0.9950359463691711,0.6085644364356995
alpha_comma,alpha + comma,resid_post.layer53,24,0.8669689893722534,0.692855715751648,0.8751741647720337,0.8751741647720337,1.0,0.42798948287963867,0.9952502846717834,0.4240707755088806
b_comma,b + comma,resid_post.layer16,24,0.8385938405990601,2.487306833267212,0.9501188397407532,0.9501188397407532,1.0,0.8822863101959229,0.9853247404098511,0.8591488003730774
b_comma,b + comma,resid_post.layer31,24,0.7432082295417786,2.1988797187805176,0.977572500705719,0.977572500705719,1.0,0.6863616108894348,0.9993929266929626,0.6882517337799072
b_comma,b + comma,resid_post.layer40,24,0.8775230050086975,0.9291368722915649,0.9633604288101196,0.9633604288101196,1.0,0.5953291654586792,0.9986153841018677,0.6087494492530823
b_comma,b + comma,resid_post.layer53,24,0.8716495037078857,0.6684492230415344,0.8793407678604126,0.8793407678604126,1.0,0.4512731432914734,0.9983629584312439,0.45214951038360596
beta_comma,beta + comma,resid_post.layer16,24,0.8492576479911804,2.330698013305664,0.923279881477356,0.923279881477356,1.0,0.8800370097160339,0.9644989371299744,0.8432109355926514
beta_comma,beta + comma,resid_post.layer31,24,0.7493002414703369,2.252068281173706,0.9319329857826233,0.9319329857826233,1.0,0.7106280326843262,0.9811240434646606,0.6712332367897034
beta_comma,beta + comma,resid_post.layer40,24,0.798642098903656,1.3207427263259888,0.9124347567558289,0.9124347567558289,1.0,0.5682276487350464,0.987311601638794,0.5335592031478882
beta_comma,beta + comma,resid_post.layer53,24,0.8309548497200012,0.8227134346961975,0.7722514867782593,0.7722514867782593,1.0,0.42830267548561096,0.9894607067108154,0.3884420096874237
han_comma,han + comma,resid_post.layer16,24,0.7884451150894165,2.886667013168335,0.539219319820404,0.539219319820404,1.0,0.8476608395576477,0.6906082630157471,0.5407648086547852
han_comma,han + comma,resid_post.layer31,24,0.6768958568572998,2.30924916267395,0.5597147941589355,0.5597147941589355,1.0,0.6042129993438721,0.6901702284812927,0.45415282249450684
han_comma,han + comma,resid_post.layer40,24,0.5688929557800293,2.031787872314453,0.36132484674453735,0.36132484674453735,1.0,0.4015668034553528,0.7029968500137329,0.24637006223201752
han_comma,han + comma,resid_post.layer53,24,0.774316132068634,0.7734472155570984,0.44684335589408875,0.44684335589408875,1.0,0.3250904977321625,0.8645708560943604,0.24629046022891998
x_comma,x + comma,resid_post.layer16,24,0.8325907588005066,2.5966567993164062,0.9236970543861389,0.9236970543861389,1.0,0.8815426230430603,0.9861173629760742,0.8483709096908569
x_comma,x + comma,resid_post.layer31,24,0.8390702605247498,1.621622920036316,0.9379949569702148,0.9379949569702148,1.0,0.7588198184967041,0.9990530610084534,0.7304015755653381
x_comma,x + comma,resid_post.layer40,24,0.8680193424224854,0.9382150769233704,0.9342314600944519,0.9342314600944519,1.0,0.5763823390007019,0.9967126250267029,0.5768320560455322
x_comma,x + comma,resid_post.layer53,24,0.8748287558555603,0.6319534778594971,0.8868682384490967,0.8868682384490967,1.0,0.42706286907196045,0.9923884272575378,0.40705353021621704
zhong_comma,zhong + comma,resid_post.layer16,24,0.8341182470321655,2.427231788635254,0.8737819194793701,0.8737819194793701,1.0,0.8787755370140076,0.9673980474472046,0.844338059425354
zhong_comma,zhong + comma,resid_post.layer31,24,0.7076984643936157,2.5072028636932373,0.9052401185035706,0.9052401185035706,1.0,0.6755860447883606,0.9936069250106812,0.6397019624710083
zhong_comma,zhong + comma,resid_post.layer40,24,0.5788782238960266,2.248018980026245,0.8496996164321899,0.8496996164321899,1.0,0.5036787986755371,0.9876582026481628,0.5138534307479858
zhong_comma,zhong + comma,resid_post.layer53,24,0.6006253957748413,1.392032265663147,0.7336603999137878,0.7336603999137878,1.0,0.31935837864875793,0.9835361838340759,0.3750099539756775
